"0","tamaramorrison@hotmail.com","pbkdf2:sha256:600000$fgsRtaYTgLfJUPhK$4e90ceab23d3aec5375f9cba209335cc82f41053489ed5e9c0651c79af8de53d","Gary","Cross","252.47","9342 Lori Bypass Suite 711, East Sandra, MP 11019"
"1","qoliver@gmail.com","pbkdf2:sha256:600000$tCD2MQ8s7PXktj5c$f30711e36a48a03cdd456761992973fdb08469df3a0a0d1149db964ee26ec47c","Madison","Zuniga","496.73","6208 Williams Courts Suite 345, Masseyshire, GA 91949"
"2","valeriemorales@hotmail.com","pbkdf2:sha256:600000$29Qpcg4EVUBvcOzD$05abd8f52ebe1382a2280938b9cf62526bf521aa4fc6c51a5cfa266210ba6db3","Shane","Bradley","275.62","08913 Charlene Flat, Joshuaburgh, CT 62839"
"3","zrogers@yahoo.com","pbkdf2:sha256:600000$YZRLUD3QlAyfvQTg$607f5e21e3201b8a7c9e1f0c508e728bb35939c2202dc151994748402ee452f4","Lauren","Ward","26.53","0452 Courtney Lane Apt. 113, North Paul, CT 52118"
"4","taguilar@hotmail.com","pbkdf2:sha256:600000$nsp4nocj2lEIGbeB$d00f1afbeefb7ff380469664b18795d3735357644262f002f5b18bd6e659a454","Jared","Frazier","169.68","013 Billy Bridge, Riveraburgh, AS 20007"
"5","vmendez@hotmail.com","pbkdf2:sha256:600000$IwDNgzh8nBAIYGCy$a24a8adb103762dcd47a1ae54f18c0da05ade31c399904fdfb4ec3311d96b9dc","Sharon","Love","335.06","Unit 9426 Box 4183, DPO AE 51884"
"6","aaronhopkins@hotmail.com","pbkdf2:sha256:600000$dQK7gclejUnOymO5$5b928d7e6958e36833feecc02c7eb90bf0c6f26e651d5d5e2dfd00ddd5118c26","Amanda","Griffin","318.45","0932 Shawn Neck Suite 420, West Matthew, LA 39343"
"7","danny48@hotmail.com","pbkdf2:sha256:600000$LFXXpWNEG2BLilM3$d7ebf1c288636d012084e525487d7d183ee975fc62e91135164c8ec5151b159b","Kristin","Watts","265.37","73864 David Skyway Apt. 046, Wallaceview, MI 37646"
"8","karenroberts@gmail.com","pbkdf2:sha256:600000$k9sxQ5JMuIjznO9s$7b1b4dfe8a72c328ad450dd2ed0a99b079774fd0fcd047f4689bd0f99676b60e","Cindy","Kelly","198.77","2566 Seth Station Apt. 852, East Sean, WY 51471"
"9","monica30@yahoo.com","pbkdf2:sha256:600000$SAVQLGBJ7T1bJwoj$2ca7f4839f78a583a5ff7b5a707307d76b72faa144d9c65b289372c05b02df5c","Daniel","Lee","312.34","7067 Alexander Corner Apt. 312, Hensonborough, NV 80816"
"10","taylorjamie@yahoo.com","pbkdf2:sha256:600000$KaUG41POdjwvB7df$7e418adec7ed2bd3f06ae45de54d5475da1f7a0b563e1eb959aca70dcaa909e7","Mitchell","Payne","234.65","23659 Cristina Coves, New Caitlinfort, NH 40962"
"11","christystanley@hotmail.com","pbkdf2:sha256:600000$KOkNNfyDiLhytpnv$46605c4e8b421f703a869bb31f8c54a9b32c29578754787b26e9027d4a5207bd","Haley","Beck","382.32","23028 Jennifer Meadow Apt. 972, West Matthewfurt, AK 82521"
"12","kelly45@yahoo.com","pbkdf2:sha256:600000$FSYYAPojp4KncAd8$5b50606ca2ed1d03431e46a1c3236b90f94b711751b07094a1a9d55809b24322","Melanie","Park","143.15","02907 Matthew Branch Suite 493, New Sharonview, MP 23285"
"13","rubiofrank@gmail.com","pbkdf2:sha256:600000$sEuBWIxoKTuhNW3F$557da021d42a491c00f015191d2524fe832a6f7e197e5a35054f73fb944017f7","Todd","Frazier","330.75","6595 Kurt Park Apt. 436, Grahamfurt, UT 05536"
"14","ctran@hotmail.com","pbkdf2:sha256:600000$tFkQxJbnzcRCh8RP$9aae169a221a8215ecc1d54e23b54f7327ab2a806b4dbfa211a980dd071d5bd4","Melissa","Terry","91.27","1379 Lisa Pike, Lake Matthew, SD 18179"
"15","morriskrystal@hotmail.com","pbkdf2:sha256:600000$b82qU3PrfXT6Y6zL$df1c2849776e510d4d99514698323f2c4cf55f85ad966b6df216a2486b9bd2a7","Timothy","Russell","184.70","86408 Mary Common, Michaelville, NJ 04835"
"16","kimberlynunez@yahoo.com","pbkdf2:sha256:600000$TnkEdsMlEhOSVtkc$ce8254a3d011836b1c8050c1531a44fa91c54b20ea3b16c01c675a1af235d2ce","David","Perez","91.58","532 Dixon Place Suite 126, Tammychester, MH 57653"
"17","swalters@hotmail.com","pbkdf2:sha256:600000$IkMeX6I0g6MD6LD3$6bad0e60523298fe54bb3df3183f7536c9b3e29204714d7bb4bf4d10c2a5a9d8","Micheal","Munoz","495.32","6352 Daniel Knolls Apt. 069, Fordland, WI 56262"
"18","zerickson@yahoo.com","pbkdf2:sha256:600000$KI12mYUylhFjD2tN$a4809f026a0de9857420d785f4ec556e5e6bf2e3faf9ae9a6b313671b17419e0","Rebecca","Smith","62.14","79061 Cook Parkways Suite 079, West Marissafort, OH 85040"
"19","joannestuart@gmail.com","pbkdf2:sha256:600000$nqoloCpfsgbn1M4j$b40823c480b55ac487d1f4f9fb8c3174f6838475cf44ca7accf792a18898ac98","Brian","Kennedy","405.25","754 Salazar Village, South Michaelfort, IN 86508"
"20","erica29@hotmail.com","pbkdf2:sha256:600000$djmGBoSesROw5Mv7$81b71d52f4719ba83ca061815b0542923d4f713696af066d8f20124fe81424d8","Lisa","Gaines","164.17","140 Christine Shoals, South Jamie, TN 42383"
"21","angela30@gmail.com","pbkdf2:sha256:600000$Jy8eD8u9aRTSBc93$3842dfc120cc7067a4bb23b4a8163b408fb0aa0194a24fb5bb498928a9bef643","Cody","Crawford","349.02","931 Middleton Roads Suite 573, West Angela, MI 94545"
"22","mosesalison@yahoo.com","pbkdf2:sha256:600000$c2mUK2SkH3c5pIAr$217a8bdf627800a4be9f4cd29ac1fbab5c0ff2d72e8a86ab5f4f2b392ac73a01","Pamela","Allen","462.14","69220 Janice Gateway, Lake Josephfurt, DE 45566"
"23","carterdanny@hotmail.com","pbkdf2:sha256:600000$j5KlP06AI688SKMr$1d3e4272fefed4ed01aada834fd18ab1b9f7e8bb1780570360d6d05494e33a3f","Nathan","Kline","394.46","Unit 8857 Box 1688, DPO AA 16584"
"24","johnwalker@yahoo.com","pbkdf2:sha256:600000$KxHm3x5bgjJNFIRd$ac49b349c97f8f743bee054a1cf7903fd3ab15ddd12f51023ab3f03f0fc6aea7","David","Campbell","96.31","023 Schaefer Squares Apt. 382, Lake John, WI 39742"
"25","ryanbaker@gmail.com","pbkdf2:sha256:600000$dE4EFl1hkVka9Zzt$b317d923857ca3310143892da630f3748ce99170c43698a2130a6e8c746fcd1b","John","Gross","203.25","4647 Kristine Fields Suite 710, New Dakota, KS 00638"
"26","rmiranda@hotmail.com","pbkdf2:sha256:600000$Yv79pluTIBF7Ej1Z$2f21d643d93d85adbab5a68268df1d31934549e772eb6528b38142d856033d74","Evelyn","Hendricks","64.72","USS Silva, FPO AE 24883"
"27","millskimberly@gmail.com","pbkdf2:sha256:600000$Pnap0RSA9CMQ3jVE$5e08f5724b5b0f66c138b2e123e6cf6dccbba186a1949df742d4d2b139e72664","William","Whitaker","478.30","215 Joy Islands, West Beth, CA 11791"
"28","amystone@gmail.com","pbkdf2:sha256:600000$xf5xvhuvNnti3erD$13de986eabcaf5dfb7120c03c365ea400963911c20b8d93c61dab0eba1812ac0","Francis","Caldwell","48.32","2547 Avila Manor, Port Deborahbury, SD 86285"
"29","leejames@gmail.com","pbkdf2:sha256:600000$vgpEjsDnWewkncfV$a742310e01a4343bee2510bda757ee5add9de2c623ba1ee24d2ed6b393b8ec83","Michelle","Wilson","448.25","8476 Allison Summit, Brownville, MH 08197"
"30","joylowe@yahoo.com","pbkdf2:sha256:600000$yanpubd83t2EbspF$3c4069741913d246f8765c009f9fa767c346cbb6ef38c999cf1f1b3dd6f4cf07","Chad","Bridges","216.39","532 Stewart Mills, Lake Dana, KY 89011"
"31","sandygarcia@gmail.com","pbkdf2:sha256:600000$nKaBktRn3ypV8MAb$2c6bf86514994f2e2a647f6bded4f6c1a76f5e72a3189d177345f1e0522d6f52","Dalton","Fritz","309.42","647 Michael Trafficway Apt. 037, New Evelyn, GU 01420"
"32","cgiles@yahoo.com","pbkdf2:sha256:600000$z16wQA2WlzTdGk2W$35199e85ad4e995680ef3a6158e4287ecd9f10075764d1f73ddf87d6e45c88f4","Angela","Soto","366.87","511 Sanchez Canyon, Port Jennifershire, CO 61535"
"33","pjohnson@yahoo.com","pbkdf2:sha256:600000$cNVfHUIQDD9l2anD$716c62863f2b39e439728076244360359f434d7c0db44b5866a3286b51a38811","Joshua","Anderson","65.99","967 Ethan Avenue Suite 164, South Nicole, KS 68053"
"34","joy31@hotmail.com","pbkdf2:sha256:600000$OOFjpC63t77fX74h$cb41cee3929254e503f858c88b746ca567e55b25ef2f3f777b0a32fe0e998d1b","Mrs.","Morgan","231.86","4279 Ann Brook, North Kylefurt, IL 34119"
"35","vlove@hotmail.com","pbkdf2:sha256:600000$JQCLR4KLzf4VSAFw$7da22a142a99ff91f5ca00ba1e455eccdb105a6da91c2cb228d0f559762f1590","Jasmine","Graves","284.53","7841 Christopher Light Suite 634, Bonillaside, AL 82801"
"36","webereric@hotmail.com","pbkdf2:sha256:600000$EzaTTEUFxJYufb0B$f503c361e5e9cc70f8ca72d06826aa437cca11a475f9a021466246c53acfa9d9","Douglas","Yates","207.22","208 Laura Club, New Kimberlyville, ID 13622"
"37","kimberly24@gmail.com","pbkdf2:sha256:600000$jvBVh57OD9SuXEpw$0d2f4b9d174bbb48d08f0373f1f943f48d52726bce6323576fe2566aaf23c0ad","Frank","Galloway","400.35","Unit 1560 Box 4324, DPO AA 69154"
"38","jonathan46@hotmail.com","pbkdf2:sha256:600000$pianX2HmX77Gtt8x$df06b9a484cb0f9a5a42d9ce1c2db6708ee6a68ca27a1337880518b29fd8d462","Timothy","Kerr","419.70","4600 Peters Union, Jennifertown, AK 65095"
"39","torreskyle@hotmail.com","pbkdf2:sha256:600000$zYaPAKXkHgvgvl3s$9bf83989492935acee5ec6da6a76eb7ea997344ce516b91adccd1bfe85de8a08","Beverly","Taylor","134.00","766 Christopher Walk, Sherrychester, TN 65093"
"40","megan62@hotmail.com","pbkdf2:sha256:600000$W9XP9gDGTrUO0OKJ$51bf4619c23037ace838119bdd5728b3800a871fa417e127c91e20e6e8804505","Stephanie","Mosley","362.10","264 Sabrina Views Apt. 385, Boothland, MA 68180"
"41","hdowns@hotmail.com","pbkdf2:sha256:600000$3ENBxuil6ghuJD5e$a0bc172de89938deded988a40c234de72f915703dc3958cfe7188daeafffe9a6","Nathan","Kirk","312.61","Unit 6360 Box 9390, DPO AA 97219"
"42","vfreeman@hotmail.com","pbkdf2:sha256:600000$8MaZ91MWBgkNCSm6$642e68acadc7d909601a63baed72ea6e4eab1adc600fd35d772a802893383dfa","Tara","Shaw","290.12","979 Davis Manor, Lake Rebeccaberg, HI 90658"
"43","ghancock@yahoo.com","pbkdf2:sha256:600000$uK0bg6yGoGf4sOXx$27efe9dbc63e4957d989207b620d28bc1ec7fa7abe83a52fc79ce60afaa619c7","Allen","Trevino","341.67","PSC 2652, Box 8592, APO AE 12680"
"44","amandasnyder@gmail.com","pbkdf2:sha256:600000$WcUgK17UlVB3JokF$45b9773a78eb3eb269e27110579dca11bd3cdfac7181a5b9d81704ced36e6514","Billy","Hudson","170.71","73849 Edward Vista, New Matthewport, MH 72138"
"45","ashleylewis@gmail.com","pbkdf2:sha256:600000$yFmFcDSutkhd7qDx$e318294965560bd34d7e03f469089b55d7b8c1207c8be6e43e9b3baf7814546f","Marilyn","Rodriguez","40.81","4229 Hill Light Apt. 972, Floydchester, WV 51245"
"46","williamdoyle@gmail.com","pbkdf2:sha256:600000$to3Ht2iL8MMx5j2K$a6e4673ea1e255e830f5f8b58da38091c6b2ddf517482e7b2aeb8c9a5df945a5","Miss","MD","359.59","Unit 8522 Box 1442, DPO AA 39097"
"47","teresawhite@hotmail.com","pbkdf2:sha256:600000$ahdplEl6m8YUYNKF$728b5faeeff154566a3753e771aa372a08d67188719d6f914708ab96cd9b545b","Theodore","MD","9.20","593 Jessica Points, Lake Franceshaven, RI 91999"
"48","michellejackson@hotmail.com","pbkdf2:sha256:600000$J43cGaujcShVCcRu$bc62246f5194cf6bdde8ee6096d59737c55fa2e15125b359728c6fe71db6ccee","Mark","Fuller","61.12","337 Collins Turnpike, Jillside, MD 86287"
"49","porterjoel@hotmail.com","pbkdf2:sha256:600000$9wEU0EZFSPKlsqvY$aed1e03b175a11d04d389e3bf80c8f86c89e3c6b67d9eeda9f50892990126c80","Brian","Matthews","471.66","69774 Smith Walks Suite 151, South Stephen, GU 46202"
"50","laurie57@hotmail.com","pbkdf2:sha256:600000$5rkCVeWWaCGZuR35$b2552641014aecdc8f819f3c9cc781450581348c6496b7c3a006f70174611a1b","Margaret","James","261.37","83780 Flores Pine, Lake Joanne, OH 32464"
"51","floresbrandi@hotmail.com","pbkdf2:sha256:600000$zCPd2jfSvC4s7f8f$d9173114171ecdb7c1942d01b8b8a79595ee9bbc5a0cbf7853ba6fa4067b878f","Dwayne","Osborne","465.47","4747 Randall Lake, West Edwardburgh, MA 59171"
"52","melissalynch@gmail.com","pbkdf2:sha256:600000$8G0PAiGrd4TQIGnn$8a72b5b69a36e4b5b529f35127588e71a6cfc533b311590459e25f5ff6e02cf7","Sean","Perez","437.88","69757 Anthony Rapid, Sandovalchester, MI 41089"
"53","pamela20@gmail.com","pbkdf2:sha256:600000$wFv7a7OOa9ZsJR6G$327b84221409ac090c7639cd1848ae209bc6743efd0f22199e6f4717388cbe25","Felicia","Larson","409.77","55899 Ryan Station Apt. 198, East Marcus, OH 53249"
"54","pharris@yahoo.com","pbkdf2:sha256:600000$8HFWk3Y5ksw34bgM$d78131c5188d5b7a21cd4a49a8968c07be548d9ccb1ccc5d97c08301c0ae95f3","Karen","Knox","0.74","2939 Bell Greens, Jacksonside, NM 14908"
"55","royangela@gmail.com","pbkdf2:sha256:600000$bYL3mfZedKOezYLH$11c4aba4b8895cbd4642184996075b5b330b73fe2de17164489df3287265a52b","Donald","Doyle","401.01","PSC 4630, Box 8871, APO AE 17549"
"56","munozkristin@yahoo.com","pbkdf2:sha256:600000$m1K5YXpF87UtbGN3$d6b182f163b8b38704a47a2145ac3a84952f8c9d2f02c33555646108207d3a8c","Jennifer","Marshall","323.47","604 Stanley Ports Apt. 102, East Rachel, VA 44042"
"57","kevinclements@hotmail.com","pbkdf2:sha256:600000$TYt6HY6EXRkFY1v9$5d5eb49fd27a12fb1299290c78918cf76eaa6dd7221e59fff73ad3ad9d1c2d7f","David","Harper","218.32","547 Ramirez Isle, Tinaland, SD 58300"
"58","pattersonandrea@gmail.com","pbkdf2:sha256:600000$A0GzgTUy9m9lDCNX$94c17ed6fc1dc3d128d973b7167a25ad37b07d720da8430186979ba44105e806","Miranda","Hunter","159.84","6346 Cunningham Stream, West Jasonton, MO 49744"
"59","qwilliams@yahoo.com","pbkdf2:sha256:600000$D75xp0PwAaW3dHgS$7564a0c49d4bda1c0a8bd76d71cf8a2976cdd70dbf356ea0644dbe3ca5ca330d","Meagan","Graham","478.59","071 Carter Mountain Suite 791, Jasonchester, NH 46603"
"60","snyderlauren@gmail.com","pbkdf2:sha256:600000$kk3mzjP4JhskBbwu$4db5e05d5671dba8bd7e3836076390331fef1ee02fb5c31e841aea4563c341f8","Tiffany","Kim","213.12","583 Ann Hills Apt. 225, North Justinchester, NY 33827"
"61","sydneywagner@yahoo.com","pbkdf2:sha256:600000$UHGP36g7bIp9ox4V$d784d3097987af64f9edd46f7e0170f04a95ecd936e8d04a3559956c1d238ebd","Adam","Burns","461.13","9906 Leslie Manors Suite 325, Mckayside, FM 37483"
"62","qferrell@hotmail.com","pbkdf2:sha256:600000$IAnDcR3i5S6P2wXw$698df55d555527bfeb4b8f0eb875adcbee23e0c74297218138fa0063c47729af","Tracey","Bartlett","41.27","77038 Emily Lane, South Davidfort, OK 74845"
"63","qdyer@yahoo.com","pbkdf2:sha256:600000$WdlRoMBCFQ2W5Udl$74ceeaf7584aa4144db3216d330082295be58113c1fd0dcfd9001a1902421117","Tammy","Sexton","125.21","5640 Sara Lakes Apt. 150, Valenciachester, IL 77372"
"64","morrismichael@hotmail.com","pbkdf2:sha256:600000$jSaRKrmRT8eFyE0P$809b52f6063a7db6e4c21a4d1d82c6e4143d21f042eb4c2f5e7467ffcf7dc6d7","Kimberly","Taylor","371.92","PSC 1844, Box 9657, APO AE 45924"
"65","obennett@hotmail.com","pbkdf2:sha256:600000$uL3iWF3FVhiVH7Vh$01e99f9d8f254975dd97fe2475aaf931614f03d8e86218e4e746509ba45bb5c7","Richard","Lee","145.29","565 Amanda Trail, New Thomas, PR 77352"
"66","mhiggins@hotmail.com","pbkdf2:sha256:600000$quFTsJ41PHzx4blG$57f07a32b96dac80b046616dc3ea6201b2c53e36f593ca5d198463157f07c2fe","Ronald","Ferrell","156.37","0587 Donna Skyway Suite 195, Port Brendaburgh, WY 41215"
"67","marcfarmer@hotmail.com","pbkdf2:sha256:600000$IpLxGptYpAUWRwKe$9ce5b946dd1852c25b720170fc6acba3955a4e91a3fa303d509c2d0ef09a20b5","Darin","Bryant","93.38","332 Wells Circle Apt. 904, Port Brandonton, FL 28199"
"68","deanrodriguez@gmail.com","pbkdf2:sha256:600000$GVgilzr3bj7lX3Yj$7fc463f5a5e276c21b20acd84502d80fd574f94dd279fc43db27dba85f2ebd93","Heather","Bowen","355.85","12874 Christopher Trace Apt. 983, East Shawn, NM 82215"
"69","wheelerrachel@gmail.com","pbkdf2:sha256:600000$L6X9n3rMJWDTTKRE$be7e43b7eca71e4dc3a9420c5bea5fcb1cc328c296fd32cd156395083e78c2e4","Stephanie","Meza","293.58","1113 Kristin Road Suite 599, Johnsonfort, VA 53474"
"70","iclark@yahoo.com","pbkdf2:sha256:600000$U4uSARxUpW8w3l6I$aaeb6803cc2bd4ff0f0a20bb0c2fb8d211a26760faa586c9327e33999e041b48","Casey","DDS","59.77","749 Marisa Brooks, North Erinbury, OH 55906"
"71","craigjonathan@yahoo.com","pbkdf2:sha256:600000$KmD2XNhmy6KKWqAt$2634adc2683d9001280d95fa84e330e00e81cd53aae3cb908b2586c5c0afb4ab","Elizabeth","Horne","52.72","92380 Brianna Road, Sandraburgh, GA 77059"
"72","ycolon@yahoo.com","pbkdf2:sha256:600000$SeEnDXhDihY9MDZy$2d45820068c331519e34084721839bea422345784c9af1028f41c69e2c009af5","Laura","Williams","209.75","147 Derrick Hollow, Lake Vincent, WI 89535"
"73","brianna61@hotmail.com","pbkdf2:sha256:600000$sYVUBTlbPTfD2wHv$67c21695f338edc3eca0d36a5270a980a8672a61d9245dbb36f148031ff36d3e","Anthony","Lopez","332.88","953 Christian Cove, Ronaldport, MP 42703"
"74","elizabethyang@gmail.com","pbkdf2:sha256:600000$DFvgd96jHPsVnSEy$289b8abc8e744f7218bfb16cebbef4fbc6d0ec340b2144a75d615e8b9cba8919","Savannah","Miller","320.65","03323 Russell Lodge, West Bridgetmouth, SD 51383"
"75","dphillips@hotmail.com","pbkdf2:sha256:600000$HUlKVuPvUzN9Gr4I$048a3fbdd039a5184d82359a637fbeafac41663f8a41a2d0553247f67074dffe","Jenna","Smith","71.47","30352 Buchanan Bypass Suite 685, East Kelly, DC 08252"
"76","patrick22@gmail.com","pbkdf2:sha256:600000$FR0wCtJF2YllOLxg$a2bfa7794bbc7ed167627eabd052a39cdcf214caabbc59a011e4a2d03a740d2a","Bryan","Cox","197.55","587 Davila Flats Suite 058, Whitneymouth, OK 79177"
"77","hillshelley@gmail.com","pbkdf2:sha256:600000$Oo74CTok0KozYwLu$2dab3bfc21c43f7b263051b22ce7c7f0d3c439939147bc1c9e84ca45117cac51","Dr.","IV","361.27","7746 Shepard Plains, North Kim, DC 53368"
"78","christopher11@gmail.com","pbkdf2:sha256:600000$H5Lm8l5J27KjHK5R$7ebffe27f13dc51837ffa6af0b7431787ff380bb05517a1e6336c6311c1c3d6c","Jeremiah","Oneal","190.76","708 Donald Underpass, Anthonymouth, GA 90721"
"79","sherri44@gmail.com","pbkdf2:sha256:600000$uobLuxlF5o4ZkgqE$06f5080829f8ccd969be70a227d3687eccb6155b03d43a7576f668544b1039a4","Brian","PhD","463.05","95804 Simmons Crest, West Gabrielle, ID 30872"
"80","julie11@hotmail.com","pbkdf2:sha256:600000$jmFTt8RoTpcFnZGD$c469678c366da3d8d0e6f5d1688888b6954ad36b2200267cb7ccbab967501309","Jonathan","Pace","81.79","1890 Jill Shores Apt. 162, Charlesbury, NJ 74752"
"81","thorntonanna@gmail.com","pbkdf2:sha256:600000$rT0zzxKIj2bjAy7S$6dfdf136aff78b8dcf50ab1a72486aaa474dbf82fccb2b51bdbd265bf683f5b1","James","Allen","358.77","82278 Jennifer Rapid Apt. 620, Lake Ashley, IL 63089"
"82","nelsondonna@gmail.com","pbkdf2:sha256:600000$kBpHDxh2gCXidFqB$475fc5783047a1855bb6803e49b489d4f738a7d8936375fd312741b42906a31e","Linda","Myers","218.07","523 William Ranch Apt. 477, East Joseph, HI 92278"
"83","maurice65@hotmail.com","pbkdf2:sha256:600000$HXrEwpVLu0i4ilEs$da691231cb42093db79a7f1e1eae0919e7f667d8edb5893945c6407e6ea3a623","Krista","Thompson","354.08","664 Deborah Squares Apt. 415, Pruittberg, MH 71133"
"84","vincenthill@gmail.com","pbkdf2:sha256:600000$XKOIj1U9TIFDH8CF$f7b84b38eb0c014320fc000f1f33c04508f459c95e42dd5725c65eba81fa967f","James","Robinson","133.17","PSC 9731, Box 9509, APO AA 87520"
"85","rodriguezthomas@yahoo.com","pbkdf2:sha256:600000$WwmfgLjy8uPZIWZ9$bdadc3dfbd57f7b226fad7e9ee00d6101f78a8fa80e943921a575a0661b0aa67","Mary","Wood","395.30","63888 Lopez Squares Apt. 778, Victoriahaven, WV 92298"
"86","shelleybird@hotmail.com","pbkdf2:sha256:600000$DsjGHX1OfzaJUzpA$439523d3477fd5c26858124aaaf504acaff7d5207965a9838b6330c3b46e15fd","Scott","Martinez","358.63","74604 Williams Plains, Camposshire, NC 44605"
"87","christina00@hotmail.com","pbkdf2:sha256:600000$g0uR9ZCCGphNNg5q$a8b4aaf7d6649d84b329f4c59f770134e8331f085a3a6cfe8fe4cfea6c8726f7","Stephanie","Montgomery","385.10","1894 Theresa Circle Apt. 851, Stephaniestad, WY 82521"
"88","danielle56@hotmail.com","pbkdf2:sha256:600000$0qs9KJNIgAPbCoXG$3a1b4bd8f2333bfc54d60ae54eb03d9683122eb8d6445fab37ab69c23fa97945","Rebecca","Reyes","188.51","163 Hayley Fords Suite 583, South Karen, VI 97729"
"89","daychristopher@yahoo.com","pbkdf2:sha256:600000$xVI3r77GzJbgmSRk$eb314167b3e9f0890a21f1000f67d70ffb21ff0a2ad0047d997b3e6fe5de417a","Charles","Beard","291.62","USNV Sanchez, FPO AP 13494"
"90","april05@hotmail.com","pbkdf2:sha256:600000$KQ8wVVbeT441mqI4$1de6fcd002dada99b12c2cdf624abe2db0a39356733368bc25ba229a59e51ef5","Kelly","Morrison","60.05","10157 Fuller Lodge Suite 550, South Christopher, MA 18397"
"91","lbush@yahoo.com","pbkdf2:sha256:600000$4xVFZa57OyuulZ4I$0b40c622405fd2c34230443745d0e11648b1f4ea2d2f3f957ab74a44bbd53f0a","Jeffrey","Robles","390.78","56162 Lozano Stream Suite 426, Reneehaven, GU 16280"
"92","jordanmendez@hotmail.com","pbkdf2:sha256:600000$dsXy6pb4gLnX3Y0i$486e6a1266d53c04ba853e3658dbcc6a440747cd5c6e8712f79b468bdd1a38e0","Matthew","Ruiz","252.24","438 Clark Village, New Kimberlyview, OR 47692"
"93","timothyschultz@yahoo.com","pbkdf2:sha256:600000$Rsu7MGoECHuTPPze$05ed5b534a3506d9b5de62cbfe757a931f196a915e651c51c0a63a59d7ad957e","Michael","Peters","207.77","USCGC Williams, FPO AA 08516"
"94","brianramos@gmail.com","pbkdf2:sha256:600000$DYl9F95xB6ESAcXv$69ba2d5334c5ee48cbd6da45d95aa7d1f9724a4a522711ddbba0d8c1952cd7f5","Kent","Clarke","377.25","3715 Holland Mills, East Carl, VA 49747"
"95","terrykim@hotmail.com","pbkdf2:sha256:600000$y8mGz1V2YhQjhUtr$86ed642bed35e16ceeb2ce9c7140913ede9ffc44db7dfb965ea5283377fe0fe4","Jason","Thornton","158.66","PSC 0035, Box 3130, APO AE 85223"
"96","jerry76@gmail.com","pbkdf2:sha256:600000$rIzTChfF5uzlWlUc$3efdaef87711852f05e3fbb921707b7966ca27f9134325e656bb8aa212d24db0","David","Herrera","190.27","21167 Thompson Park, New Kaylaborough, ME 43751"
"97","stephenpratt@hotmail.com","pbkdf2:sha256:600000$RvVKljzPYlf2Wf9Q$215f6770054002b33b4a8bc3b2bbc238273b419d661b1e5f058ae7fefba43ade","Nicole","Martinez","120.50","3963 Craig Lodge, West Alexis, MN 69720"
"98","donaldsonjamie@gmail.com","pbkdf2:sha256:600000$YwZ99Qe5gbzaTCBw$5fd65b65c1de80a23d3cc3059ec4711eb1d0ca6a76b98d08a1cd2c59f1765cd2","Kristy","Mitchell","124.11","33758 Padilla Keys, South Paulshire, NJ 55054"
"99","james05@hotmail.com","pbkdf2:sha256:600000$G1YNsgvEkLtpHzT6$ec03b7d19cb2728afaded7e5d812356ad8349caf9723fa664ea908154a850087","Jordan","Pollard","122.37","4901 Taylor Harbor, Meganside, CA 78425"
